{
  "IsEncrypted": false,
  "Values": {
    "AzureWebJobsStorage": "UseDevelopmentStorage=true",
    "FUNCTIONS_WORKER_RUNTIME": "dotnet",
    "TwitterBotDB_ConnectionString": "AccountEndpoint=https://twitterbotdb.documents.azure.com:443/;AccountKey=ZYjTaqxYaeseSTUubuZcqC4pUXcn50AuczCrmHN9RsKYick1iVMoAv38UkMJTN4xYRkPEY0MTpt2fbWbiCEAwQ==;",
    "TwitterBotServiceBus_ConnectionString": "Endpoint=sb://twitterbotservicebus.servicebus.windows.net/;SharedAccessKeyName=RootManageSharedAccessKey;SharedAccessKey=ZwbhP4oK+ELnDjZ0kqIIrQU8oYaZ7+TbcNRWz9n48xY="
  }
}